Date,Open,High,Low,Close,Volume,Dividends,Stock Splits,Capital Gains
2019-12-10 00:00:00-05:00,49.99100112915039,49.99100112915039,49.99100112915039,49.99100112915039,0,0.0,0.0,0.0
2019-12-11 00:00:00-05:00,50.279998779296875,50.279998779296875,49.91999816894531,49.99100112915039,506,0.0,0.0,0.0
2019-12-12 00:00:00-05:00,50.93539810180664,50.93539810180664,50.93539810180664,50.93539810180664,61,0.0,0.0,0.0
2019-12-13 00:00:00-05:00,50.6431999206543,50.6431999206543,50.6431999206543,50.6431999206543,25,0.0,0.0,0.0
2019-12-16 00:00:00-05:00,50.88859939575195,50.88859939575195,50.88859939575195,50.88859939575195,35,0.0,0.0,0.0
2019-12-17 00:00:00-05:00,50.4900016784668,50.4900016784668,50.473201751708984,50.473201751708984,116,0.0,0.0,0.0
2019-12-18 00:00:00-05:00,49.81560134887695,49.81560134887695,49.81560134887695,49.81560134887695,99,0.0,0.0,0.0
2019-12-19 00:00:00-05:00,50.388099670410156,50.388099670410156,50.388099670410156,50.388099670410156,27,0.0,0.0,0.0
2019-12-20 00:00:00-05:00,50.714900970458984,50.714900970458984,50.714900970458984,50.714900970458984,6,0.0,0.0,0.0
2019-12-23 00:00:00-05:00,50.670101165771484,50.670101165771484,50.670101165771484,50.670101165771484,8,0.0,0.0,0.0
2019-12-24 00:00:00-05:00,50.58000183105469,50.76100158691406,50.58000183105469,50.76100158691406,109,0.0,0.0,0.0
2019-12-26 00:00:00-05:00,50.779998779296875,50.790000915527344,50.52000045776367,50.52000045776367,2760,0.0,0.0,0.0
2019-12-27 00:00:00-05:00,50.22999954223633,50.22999954223633,50.220001220703125,50.220001220703125,407,0.0,0.0,0.0
2019-12-30 00:00:00-05:00,49.67250061035156,49.67250061035156,49.67250061035156,49.67250061035156,3,0.0,0.0,0.0
2019-12-31 00:00:00-05:00,50.84000015258789,50.84000015258789,50.84000015258789,50.84000015258789,85,0.0,0.0,0.0
2020-01-02 00:00:00-05:00,50.97999954223633,50.97999954223633,50.7400016784668,50.7400016784668,2194,0.0,0.0,0.0
2020-01-03 00:00:00-05:00,50.12049865722656,50.12049865722656,50.12049865722656,50.12049865722656,3,0.0,0.0,0.0
2020-01-06 00:00:00-05:00,50.00960159301758,50.00960159301758,50.00960159301758,50.00960159301758,36,0.0,0.0,0.0
2020-01-07 00:00:00-05:00,49.9453010559082,49.9453010559082,49.9453010559082,49.9453010559082,30,0.0,0.0,0.0
2020-01-08 00:00:00-05:00,49.731998443603516,50.00510025024414,49.731998443603516,50.00510025024414,155,0.0,0.0,0.0
2020-01-09 00:00:00-05:00,50.68659973144531,50.68659973144531,50.68659973144531,50.68659973144531,77,0.0,0.0,0.0
2020-01-10 00:00:00-05:00,50.6797981262207,50.6797981262207,50.6797981262207,50.6797981262207,74,0.0,0.0,0.0
2020-01-13 00:00:00-05:00,51.860801696777344,51.860801696777344,51.860801696777344,51.860801696777344,6,0.0,0.0,0.0
2020-01-14 00:00:00-05:00,52.58000183105469,53.03200149536133,52.58000183105469,53.03200149536133,371,0.0,0.0,0.0
2020-01-15 00:00:00-05:00,53.777198791503906,53.777198791503906,53.777198791503906,53.777198791503906,64,0.0,0.0,0.0
2020-01-16 00:00:00-05:00,53.884700775146484,53.884700775146484,53.81010055541992,53.884498596191406,209,0.0,0.0,0.0
2020-01-17 00:00:00-05:00,54.077598571777344,54.077598571777344,54.077598571777344,54.077598571777344,111,0.0,0.0,0.0
2020-01-21 00:00:00-05:00,53.692100524902344,53.692100524902344,53.692100524902344,53.692100524902344,65,0.0,0.0,0.0
2020-01-22 00:00:00-05:00,53.734901428222656,53.734901428222656,53.734901428222656,53.734901428222656,12,0.0,0.0,0.0
2020-01-23 00:00:00-05:00,53.54999923706055,53.54999923706055,53.33000183105469,53.39649963378906,432,0.0,0.0,0.0
2020-01-24 00:00:00-05:00,52.285499572753906,52.285499572753906,52.285499572753906,52.285499572753906,110,0.0,0.0,0.0
2020-01-27 00:00:00-05:00,51.45159912109375,51.45159912109375,51.45159912109375,51.45159912109375,25,0.0,0.0,0.0
2020-01-28 00:00:00-05:00,52.50910186767578,52.50910186767578,52.50910186767578,52.50910186767578,12,0.0,0.0,0.0
2020-01-29 00:00:00-05:00,52.47200012207031,52.47200012207031,52.47200012207031,52.47200012207031,12,0.0,0.0,0.0
2020-01-30 00:00:00-05:00,52.400001525878906,52.400001525878906,51.59040069580078,51.59040069580078,3411,0.0,0.0,0.0
2020-01-31 00:00:00-05:00,51.45000076293945,51.45000076293945,50.45479965209961,50.45479965209961,140,0.0,0.0,0.0
2020-02-03 00:00:00-05:00,50.4900016784668,51.08000183105469,50.4900016784668,50.802101135253906,5921,0.0,0.0,0.0
2020-02-04 00:00:00-05:00,51.310001373291016,51.49449920654297,51.279998779296875,51.49449920654297,1833,0.0,0.0,0.0
2020-02-05 00:00:00-05:00,51.78820037841797,51.78820037841797,51.78820037841797,51.78820037841797,36,0.0,0.0,0.0
2020-02-06 00:00:00-05:00,51.63050079345703,51.63050079345703,51.63050079345703,51.63050079345703,7,0.0,0.0,0.0
2020-02-07 00:00:00-05:00,50.7504997253418,50.7504997253418,50.7504997253418,50.7504997253418,63,0.0,0.0,0.0
2020-02-10 00:00:00-05:00,50.80649948120117,50.80649948120117,50.80649948120117,50.80649948120117,45,0.0,0.0,0.0
2020-02-11 00:00:00-05:00,51.46549987792969,51.46549987792969,51.46549987792969,51.46549987792969,32,0.0,0.0,0.0
2020-02-12 00:00:00-05:00,51.24879837036133,51.24879837036133,51.24879837036133,51.24879837036133,72,0.0,0.0,0.0
2020-02-13 00:00:00-05:00,51.0791015625,51.0791015625,51.0791015625,51.0791015625,11,0.0,0.0,0.0
2020-02-14 00:00:00-05:00,51.119998931884766,52.189998626708984,51.119998931884766,51.884700775146484,4518,0.0,0.0,0.0
2020-02-18 00:00:00-05:00,52.04999923706055,52.04999923706055,51.60100173950195,51.60100173950195,607,0.0,0.0,0.0
2020-02-19 00:00:00-05:00,52.2859992980957,52.2859992980957,52.2859992980957,52.2859992980957,6,0.0,0.0,0.0
2020-02-20 00:00:00-05:00,52.939998626708984,52.939998626708984,51.9900016784668,52.2067985534668,1414,0.0,0.0,0.0
2020-02-21 00:00:00-05:00,52.0,52.07640075683594,52.0,52.07640075683594,210,0.0,0.0,0.0
2020-02-24 00:00:00-05:00,50.97999954223633,51.20399856567383,49.668399810791016,49.668399810791016,8042,0.0,0.0,0.0
2020-02-25 00:00:00-05:00,49.83000183105469,49.83000183105469,47.76750183105469,47.76750183105469,7132,0.0,0.0,0.0
2020-02-26 00:00:00-05:00,48.290000915527344,48.709999084472656,47.66999816894531,47.66999816894531,12234,0.0,0.0,0.0
2020-02-27 00:00:00-05:00,46.06999969482422,47.70000076293945,45.91999816894531,46.08000183105469,28426,0.0,0.0,0.0
2020-02-28 00:00:00-05:00,45.40639877319336,45.40639877319336,45.40639877319336,45.40639877319336,53,0.0,0.0,0.0
2020-03-02 00:00:00-05:00,47.332000732421875,47.332000732421875,47.332000732421875,47.332000732421875,54,0.0,0.0,0.0
2020-03-03 00:00:00-05:00,47.13999938964844,47.13999938964844,46.481998443603516,46.481998443603516,468,0.0,0.0,0.0
2020-03-04 00:00:00-05:00,46.77000045776367,48.41809844970703,46.77000045776367,48.41809844970703,4338,0.0,0.0,0.0
2020-03-05 00:00:00-05:00,47.880001068115234,47.880001068115234,46.029998779296875,46.066200256347656,7734,0.0,0.0,0.0
2020-03-06 00:00:00-05:00,46.08000183105469,46.08000183105469,44.647098541259766,44.647098541259766,5772,0.0,0.0,0.0
2020-03-09 00:00:00-04:00,44.470001220703125,44.470001220703125,41.220401763916016,41.220401763916016,144,0.0,0.0,0.0
2020-03-10 00:00:00-04:00,40.18000030517578,42.4906005859375,40.18000030517578,42.4906005859375,22825,0.0,0.0,0.0
2020-03-11 00:00:00-04:00,41.959999084472656,42.0099983215332,39.970001220703125,40.0181999206543,2877,0.0,0.0,0.0
2020-03-12 00:00:00-04:00,38.779998779296875,38.779998779296875,36.93429946899414,36.93429946899414,1793,0.0,0.0,0.0
2020-03-13 00:00:00-04:00,37.834598541259766,37.834598541259766,37.834598541259766,37.834598541259766,130,0.0,0.0,0.0
2020-03-16 00:00:00-04:00,34.88589859008789,34.88589859008789,34.88589859008789,34.88589859008789,96,0.0,0.0,0.0
2020-03-17 00:00:00-04:00,36.38589859008789,36.38589859008789,36.38589859008789,36.38589859008789,25,0.0,0.0,0.0
2020-03-18 00:00:00-04:00,34.75019836425781,34.75019836425781,34.75019836425781,34.75019836425781,21,0.0,0.0,0.0
2020-03-19 00:00:00-04:00,36.279998779296875,36.34000015258789,35.90950012207031,35.90950012207031,2067,0.0,0.0,0.0
2020-03-20 00:00:00-04:00,35.542701721191406,35.542701721191406,35.542701721191406,35.542701721191406,136,0.0,0.0,0.0
2020-03-23 00:00:00-04:00,34.187198638916016,34.187198638916016,34.187198638916016,34.187198638916016,32,0.0,0.0,0.0
2020-03-24 00:00:00-04:00,36.858001708984375,36.858001708984375,36.858001708984375,36.858001708984375,18,0.0,0.0,0.0
2020-03-25 00:00:00-04:00,38.10060119628906,38.10060119628906,38.10060119628906,38.10060119628906,79,0.0,0.0,0.0
2020-03-26 00:00:00-04:00,41.10850143432617,41.10850143432617,41.10850143432617,41.10850143432617,5,0.0,0.0,0.0
2020-03-27 00:00:00-04:00,40.455101013183594,40.455101013183594,40.455101013183594,40.455101013183594,73,0.0,0.0,0.0
2020-03-30 00:00:00-04:00,40.97999954223633,40.97999954223633,40.5364990234375,40.5364990234375,157,0.0,0.0,0.0
2020-03-31 00:00:00-04:00,40.14500045776367,40.14500045776367,40.14500045776367,40.14500045776367,35,0.0,0.0,0.0
2020-04-01 00:00:00-04:00,37.99530029296875,37.99530029296875,37.99530029296875,37.99530029296875,24,0.0,0.0,0.0
2020-04-02 00:00:00-04:00,38.948699951171875,38.948699951171875,38.948699951171875,38.948699951171875,13,0.0,0.0,0.0
2020-04-03 00:00:00-04:00,38.349998474121094,38.349998474121094,37.9208984375,37.9208984375,225,0.0,0.0,0.0
2020-04-06 00:00:00-04:00,38.04999923706055,40.32809829711914,38.04999923706055,40.32809829711914,616,0.0,0.0,0.0
2020-04-07 00:00:00-04:00,40.45000076293945,40.47420120239258,40.45000076293945,40.47420120239258,543,0.0,0.0,0.0
2020-04-08 00:00:00-04:00,41.84049987792969,41.84049987792969,41.84049987792969,41.84049987792969,17,0.0,0.0,0.0
2020-04-09 00:00:00-04:00,42.292701721191406,42.292701721191406,42.292701721191406,42.292701721191406,46,0.0,0.0,0.0
2020-04-13 00:00:00-04:00,42.18000030517578,42.18000030517578,41.354698181152344,41.354698181152344,619,0.0,0.0,0.0
2020-04-14 00:00:00-04:00,41.790000915527344,42.79560089111328,41.790000915527344,42.79560089111328,542,0.0,0.0,0.0
2020-04-15 00:00:00-04:00,41.962501525878906,41.962501525878906,41.962501525878906,41.962501525878906,31,0.0,0.0,0.0
2020-04-16 00:00:00-04:00,42.187198638916016,42.187198638916016,42.187198638916016,42.187198638916016,16,0.0,0.0,0.0
2020-04-17 00:00:00-04:00,42.540000915527344,43.14899826049805,42.540000915527344,43.14899826049805,509,0.0,0.0,0.0
2020-04-20 00:00:00-04:00,43.063899993896484,43.063899993896484,43.063899993896484,43.063899993896484,64,0.0,0.0,0.0
2020-04-21 00:00:00-04:00,42.630001068115234,42.630001068115234,41.836299896240234,41.836299896240234,218,0.0,0.0,0.0
2020-04-22 00:00:00-04:00,42.16999816894531,42.706298828125,42.16999816894531,42.706298828125,507,0.0,0.0,0.0
2020-04-23 00:00:00-04:00,42.76259994506836,42.76259994506836,42.76259994506836,42.76259994506836,18,0.0,0.0,0.0
2020-04-24 00:00:00-04:00,43.87799835205078,43.87799835205078,43.87799835205078,43.87799835205078,56,0.0,0.0,0.0
2020-04-27 00:00:00-04:00,44.279998779296875,45.43080139160156,44.279998779296875,45.43080139160156,541,0.0,0.0,0.0
2020-04-28 00:00:00-04:00,45.5099983215332,45.5099983215332,44.14580154418945,44.14580154418945,266,0.0,0.0,0.0
2020-04-29 00:00:00-04:00,44.22999954223633,45.58679962158203,44.22999954223633,45.58679962158203,165,0.0,0.0,0.0
2020-04-30 00:00:00-04:00,45.13999938964844,45.13999938964844,44.54999923706055,44.54999923706055,439,0.0,0.0,0.0
2020-05-01 00:00:00-04:00,44.470001220703125,44.470001220703125,43.01350021362305,43.01350021362305,757,0.0,0.0,0.0
2020-05-04 00:00:00-04:00,42.90999984741211,43.44350051879883,42.90999984741211,43.44350051879883,592,0.0,0.0,0.0
2020-05-05 00:00:00-04:00,44.23440170288086,44.23440170288086,44.23440170288086,44.23440170288086,6,0.0,0.0,0.0
2020-05-06 00:00:00-04:00,44.290000915527344,44.70869827270508,44.290000915527344,44.70869827270508,628,0.0,0.0,0.0
2020-05-07 00:00:00-04:00,44.7599983215332,44.95130157470703,44.7599983215332,44.95130157470703,107,0.0,0.0,0.0
2020-05-08 00:00:00-04:00,45.04999923706055,45.33000183105469,44.810001373291016,44.810001373291016,2026,0.0,0.0,0.0
2020-05-11 00:00:00-04:00,45.419700622558594,45.419700622558594,45.419700622558594,45.419700622558594,24,0.0,0.0,0.0
2020-05-12 00:00:00-04:00,45.48500061035156,45.48500061035156,44.415000915527344,44.415000915527344,111,0.0,0.0,0.0
2020-05-13 00:00:00-04:00,43.354801177978516,43.354801177978516,43.354801177978516,43.354801177978516,17,0.0,0.0,0.0
2020-05-14 00:00:00-04:00,43.96670150756836,43.96670150756836,43.96670150756836,43.96670150756836,5,0.0,0.0,0.0
2020-05-15 00:00:00-04:00,45.77000045776367,45.84000015258789,45.650001525878906,45.709999084472656,1466,0.0,0.0,0.0
2020-05-18 00:00:00-04:00,46.88100051879883,46.88100051879883,46.88100051879883,46.88100051879883,81,0.0,0.0,0.0
2020-05-19 00:00:00-04:00,47.32749938964844,47.32749938964844,47.32749938964844,47.32749938964844,121,0.0,0.0,0.0
2020-05-20 00:00:00-04:00,47.32590103149414,47.32590103149414,47.32590103149414,47.32590103149414,22,0.0,0.0,0.0
2020-05-21 00:00:00-04:00,48.86399841308594,48.86399841308594,48.86399841308594,48.86399841308594,139,0.0,0.0,0.0
2020-05-22 00:00:00-04:00,49.99610137939453,49.99610137939453,49.99610137939453,49.99610137939453,30,0.0,0.0,0.0
2020-05-26 00:00:00-04:00,50.38330078125,50.38330078125,50.38330078125,50.38330078125,36,0.0,0.0,0.0
2020-05-27 00:00:00-04:00,50.52000045776367,50.65060043334961,50.52000045776367,50.65060043334961,634,0.0,0.0,0.0
2020-05-28 00:00:00-04:00,51.459999084472656,51.5,51.279300689697266,51.279300689697266,314,0.0,0.0,0.0
2020-05-29 00:00:00-04:00,51.119998931884766,51.119998931884766,50.2599983215332,50.734901428222656,479,0.0,0.0,0.0
2020-06-01 00:00:00-04:00,50.93239974975586,50.93239974975586,50.93239974975586,50.93239974975586,36,0.0,0.0,0.0
2020-06-02 00:00:00-04:00,51.38169860839844,51.38169860839844,51.38169860839844,51.38169860839844,3,0.0,0.0,0.0
2020-06-03 00:00:00-04:00,51.70669937133789,51.70669937133789,51.70669937133789,51.70669937133789,9,0.0,0.0,0.0
2020-06-04 00:00:00-04:00,51.310001373291016,51.50299835205078,51.310001373291016,51.50299835205078,321,0.0,0.0,0.0
2020-06-05 00:00:00-04:00,51.810001373291016,51.88999938964844,51.5994987487793,51.5994987487793,674,0.0,0.0,0.0
2020-06-08 00:00:00-04:00,52.04990005493164,52.696998596191406,52.04990005493164,52.675498962402344,646,0.0,0.0,0.0
2020-06-09 00:00:00-04:00,51.84000015258789,51.84000015258789,51.716400146484375,51.716400146484375,469,0.0,0.0,0.0
2020-06-10 00:00:00-04:00,51.667198181152344,51.667198181152344,51.667198181152344,51.667198181152344,58,0.0,0.0,0.0
2020-06-11 00:00:00-04:00,51.38999938964844,51.38999938964844,47.967098236083984,47.967098236083984,5291,0.0,0.0,0.0
2020-06-12 00:00:00-04:00,48.31999969482422,48.51350021362305,48.31999969482422,48.51350021362305,523,0.0,0.0,0.0
2020-06-15 00:00:00-04:00,47.40999984741211,48.97129821777344,47.40999984741211,48.97129821777344,3967,0.0,0.0,0.0
2020-06-16 00:00:00-04:00,49.529998779296875,49.939998626708984,49.2400016784668,49.64699935913086,4572,0.0,0.0,0.0
2020-06-17 00:00:00-04:00,49.9900016784668,49.9900016784668,49.556800842285156,49.556800842285156,240,0.0,0.0,0.0
2020-06-18 00:00:00-04:00,49.349998474121094,49.817501068115234,49.27000045776367,49.817501068115234,365,0.0,0.0,0.0
2020-06-19 00:00:00-04:00,50.060001373291016,50.060001373291016,49.91170120239258,49.91170120239258,139,0.0,0.0,0.0
2020-06-22 00:00:00-04:00,49.5,49.76900100708008,49.5,49.76900100708008,496,0.0,0.0,0.0
2020-06-23 00:00:00-04:00,50.10459899902344,50.10459899902344,50.10459899902344,50.10459899902344,233,0.0,0.0,0.0
2020-06-24 00:00:00-04:00,49.900001525878906,49.900001525878906,48.672698974609375,48.672698974609375,342,0.0,0.0,0.0
2020-06-25 00:00:00-04:00,48.349998474121094,49.12689971923828,48.0,49.12689971923828,821,0.0,0.0,0.0
2020-06-26 00:00:00-04:00,48.15999984741211,48.18510055541992,48.15999984741211,48.18510055541992,146,0.0,0.0,0.0
2020-06-29 00:00:00-04:00,48.61000061035156,48.61000061035156,48.40340042114258,48.40340042114258,322,0.0,0.0,0.0
2020-06-30 00:00:00-04:00,49.11980056762695,49.11980056762695,49.11980056762695,49.11980056762695,15,0.0,0.0,0.0
2020-07-01 00:00:00-04:00,49.0989990234375,49.0989990234375,49.0989990234375,49.0989990234375,40,0.0,0.0,0.0
2020-07-02 00:00:00-04:00,49.25,49.33000183105469,49.24879837036133,49.24879837036133,643,0.0,0.0,0.0
2020-07-06 00:00:00-04:00,50.47600173950195,50.47600173950195,50.47600173950195,50.47600173950195,44,0.0,0.0,0.0
2020-07-07 00:00:00-04:00,50.33000183105469,50.33000183105469,50.11000061035156,50.11000061035156,533,0.0,0.0,0.0
2020-07-08 00:00:00-04:00,50.5629997253418,50.5629997253418,50.5629997253418,50.5629997253418,31,0.0,0.0,0.0
2020-07-09 00:00:00-04:00,50.45000076293945,50.665000915527344,50.130001068115234,50.665000915527344,212,0.0,0.0,0.0
2020-07-10 00:00:00-04:00,50.31999969482422,50.890201568603516,50.31999969482422,50.890201568603516,116,0.0,0.0,0.0
2020-07-13 00:00:00-04:00,50.74689865112305,50.74689865112305,50.74689865112305,50.74689865112305,61,0.0,0.0,0.0
2020-07-14 00:00:00-04:00,51.81420135498047,51.81420135498047,51.81420135498047,51.81420135498047,7,0.0,0.0,0.0
2020-07-15 00:00:00-04:00,52.630001068115234,54.22990036010742,52.630001068115234,54.22990036010742,3654,0.0,0.0,0.0
2020-07-16 00:00:00-04:00,53.98419952392578,53.98419952392578,53.98419952392578,53.98419952392578,31,0.0,0.0,0.0
2020-07-17 00:00:00-04:00,54.310001373291016,54.310001373291016,54.310001373291016,54.310001373291016,70,0.0,0.0,0.0
2020-07-20 00:00:00-04:00,53.81489944458008,53.81489944458008,53.81489944458008,53.81489944458008,124,0.0,0.0,0.0
2020-07-21 00:00:00-04:00,53.97999954223633,53.97999954223633,53.74470138549805,53.74470138549805,947,0.0,0.0,0.0
2020-07-22 00:00:00-04:00,54.220001220703125,54.220001220703125,53.91059875488281,53.91059875488281,383,0.0,0.0,0.0
2020-07-23 00:00:00-04:00,54.290000915527344,54.290000915527344,53.757198333740234,53.757198333740234,183,0.0,0.0,0.0
2020-07-24 00:00:00-04:00,53.0,53.0,52.84560012817383,52.84560012817383,219,0.0,0.0,0.0
2020-07-27 00:00:00-04:00,53.75,54.24599838256836,53.75,54.24599838256836,181,0.0,0.0,0.0
2020-07-28 00:00:00-04:00,54.9900016784668,54.9900016784668,54.486000061035156,54.486000061035156,507,0.0,0.0,0.0
2020-07-29 00:00:00-04:00,54.54999923706055,54.810001373291016,54.5010986328125,54.5010986328125,378,0.0,0.0,0.0
2020-07-30 00:00:00-04:00,54.2599983215332,54.61280059814453,54.2599983215332,54.61280059814453,578,0.0,0.0,0.0
2020-07-31 00:00:00-04:00,54.4822998046875,54.4822998046875,54.4822998046875,54.4822998046875,44,0.0,0.0,0.0
2020-08-03 00:00:00-04:00,55.300201416015625,55.300201416015625,55.300201416015625,55.300201416015625,247,0.0,0.0,0.0
2020-08-04 00:00:00-04:00,55.72159957885742,55.72159957885742,55.72159957885742,55.72159957885742,38,0.0,0.0,0.0
2020-08-05 00:00:00-04:00,55.693599700927734,55.693599700927734,55.693599700927734,55.693599700927734,82,0.0,0.0,0.0
2020-08-06 00:00:00-04:00,55.599998474121094,55.7400016784668,54.793800354003906,54.793800354003906,1945,0.0,0.0,0.0
2020-08-07 00:00:00-04:00,54.711700439453125,54.711700439453125,54.711700439453125,54.711700439453125,12,0.0,0.0,0.0
2020-08-10 00:00:00-04:00,55.20000076293945,55.20000076293945,55.09659957885742,55.09659957885742,227,0.0,0.0,0.0
2020-08-11 00:00:00-04:00,54.35020065307617,54.35020065307617,53.892398834228516,53.892398834228516,183,0.0,0.0,0.0
2020-08-12 00:00:00-04:00,54.099998474121094,54.96269989013672,54.099998474121094,54.96269989013672,105,0.0,0.0,0.0
2020-08-13 00:00:00-04:00,54.81999969482422,55.363800048828125,54.81999969482422,55.363800048828125,120,0.0,0.0,0.0
2020-08-14 00:00:00-04:00,55.165000915527344,55.165000915527344,55.01129913330078,55.01129913330078,158,0.0,0.0,0.0
2020-08-17 00:00:00-04:00,55.540000915527344,55.540000915527344,55.41239929199219,55.41239929199219,270,0.0,0.0,0.0
2020-08-18 00:00:00-04:00,55.13890075683594,55.13890075683594,55.13890075683594,55.13890075683594,150,0.0,0.0,0.0
2020-08-19 00:00:00-04:00,55.18050003051758,55.18050003051758,55.18050003051758,55.18050003051758,9,0.0,0.0,0.0
2020-08-20 00:00:00-04:00,54.849998474121094,54.94179916381836,54.849998474121094,54.94179916381836,212,0.0,0.0,0.0
2020-08-21 00:00:00-04:00,54.74829864501953,54.74829864501953,54.74829864501953,54.74829864501953,27,0.0,0.0,0.0
2020-08-24 00:00:00-04:00,54.66469955444336,54.66469955444336,54.66469955444336,54.66469955444336,52,0.0,0.0,0.0
2020-08-25 00:00:00-04:00,55.022499084472656,55.022499084472656,55.022499084472656,55.022499084472656,21,0.0,0.0,0.0
2020-08-26 00:00:00-04:00,55.0177001953125,55.0177001953125,55.0177001953125,55.0177001953125,26,0.0,0.0,0.0
2020-08-27 00:00:00-04:00,54.799800872802734,54.799800872802734,54.799800872802734,54.799800872802734,78,0.0,0.0,0.0
2020-08-28 00:00:00-04:00,55.22909927368164,55.22909927368164,55.22909927368164,55.22909927368164,36,0.0,0.0,0.0
2020-08-31 00:00:00-04:00,55.332000732421875,55.739601135253906,55.332000732421875,55.739601135253906,325,0.0,0.0,0.0
2020-09-01 00:00:00-04:00,55.192501068115234,55.192501068115234,55.192501068115234,55.192501068115234,22,0.0,0.0,0.0
2020-09-02 00:00:00-04:00,55.8838005065918,55.8838005065918,55.8838005065918,55.8838005065918,35,0.0,0.0,0.0
2020-09-03 00:00:00-04:00,55.689998626708984,55.870601654052734,53.82270050048828,53.82270050048828,474,0.0,0.0,0.0
2020-09-04 00:00:00-04:00,51.70000076293945,52.900001525878906,51.689998626708984,52.87070083618164,1795,0.0,0.0,0.0
2020-09-08 00:00:00-04:00,51.974998474121094,51.974998474121094,51.974998474121094,51.974998474121094,40,0.0,0.0,0.0
2020-09-09 00:00:00-04:00,53.1343994140625,53.1343994140625,53.1343994140625,53.1343994140625,14,0.0,0.0,0.0
2020-09-10 00:00:00-04:00,52.78689956665039,52.78689956665039,52.78689956665039,52.78689956665039,94,0.0,0.0,0.0
2020-09-11 00:00:00-04:00,52.900001525878906,52.900001525878906,52.71149826049805,52.71149826049805,186,0.0,0.0,0.0
2020-09-14 00:00:00-04:00,53.1411018371582,53.1411018371582,53.1411018371582,53.1411018371582,16,0.0,0.0,0.0
2020-09-15 00:00:00-04:00,53.330101013183594,53.42879867553711,53.330101013183594,53.42879867553711,225,0.0,0.0,0.0
2020-09-16 00:00:00-04:00,53.63359832763672,53.63359832763672,53.63359832763672,53.63359832763672,35,0.0,0.0,0.0
2020-09-17 00:00:00-04:00,53.20439910888672,53.20439910888672,53.20439910888672,53.20439910888672,11,0.0,0.0,0.0
2020-09-18 00:00:00-04:00,52.705501556396484,52.705501556396484,52.705501556396484,52.705501556396484,60,0.0,0.0,0.0
2020-09-21 00:00:00-04:00,52.45000076293945,52.45000076293945,51.52949905395508,51.99089813232422,4874,0.0,0.0,0.0
2020-09-22 00:00:00-04:00,52.847801208496094,52.847801208496094,52.847801208496094,52.847801208496094,29,0.0,0.0,0.0
2020-09-23 00:00:00-04:00,50.964599609375,50.964599609375,50.964599609375,50.964599609375,50,0.0,0.0,0.0
2020-09-24 00:00:00-04:00,50.1349983215332,50.67850112915039,50.1349983215332,50.67850112915039,115,0.0,0.0,0.0
2020-09-25 00:00:00-04:00,51.268798828125,51.268798828125,51.268798828125,51.268798828125,74,0.0,0.0,0.0
2020-09-28 00:00:00-04:00,51.11000061035156,51.90909957885742,51.11000061035156,51.90909957885742,132,0.0,0.0,0.0
2020-09-29 00:00:00-04:00,52.138099670410156,52.138099670410156,52.138099670410156,52.138099670410156,8,0.0,0.0,0.0
2020-09-30 00:00:00-04:00,52.56760025024414,52.56760025024414,52.56760025024414,52.56760025024414,299,0.0,0.0,0.0
2020-10-01 00:00:00-04:00,52.36029815673828,52.36029815673828,52.36029815673828,52.36029815673828,3,0.0,0.0,0.0
2020-10-02 00:00:00-04:00,52.150001525878906,52.150001525878906,52.0,52.012001037597656,5005,0.0,0.0,0.0
2020-10-05 00:00:00-04:00,52.41999816894531,54.11840057373047,52.41999816894531,54.11840057373047,5738,0.0,0.0,0.0
2020-10-06 00:00:00-04:00,54.0,54.0,53.012298583984375,53.012298583984375,1743,0.0,0.0,0.0
2020-10-07 00:00:00-04:00,54.395999908447266,54.395999908447266,54.395999908447266,54.395999908447266,1,0.0,0.0,0.0
2020-10-08 00:00:00-04:00,55.760101318359375,55.760101318359375,55.760101318359375,55.760101318359375,63,0.0,0.0,0.0
2020-10-09 00:00:00-04:00,56.06999969482422,56.62300109863281,56.06999969482422,56.46630096435547,2502,0.0,0.0,0.0
2020-10-12 00:00:00-04:00,56.849998474121094,57.40999984741211,56.849998474121094,56.97100067138672,3284,0.0,0.0,0.0
2020-10-13 00:00:00-04:00,57.02799987792969,57.02799987792969,57.02799987792969,57.02799987792969,25,0.0,0.0,0.0
2020-10-14 00:00:00-04:00,56.374000549316406,56.374000549316406,56.374000549316406,56.374000549316406,77,0.0,0.0,0.0
2020-10-15 00:00:00-04:00,55.77000045776367,55.939998626708984,55.459999084472656,55.60380172729492,5382,0.0,0.0,0.0
2020-10-16 00:00:00-04:00,56.06999969482422,56.06999969482422,55.730098724365234,55.730098724365234,226,0.0,0.0,0.0
2020-10-19 00:00:00-04:00,56.60689926147461,56.60689926147461,55.75,56.09749984741211,1436,0.0,0.0,0.0
2020-10-20 00:00:00-04:00,56.349998474121094,56.349998474121094,56.18439865112305,56.18439865112305,806,0.0,0.0,0.0
2020-10-21 00:00:00-04:00,56.31999969482422,56.31999969482422,56.24399948120117,56.24399948120117,122,0.0,0.0,0.0
2020-10-22 00:00:00-04:00,56.31999969482422,57.609901428222656,56.31999969482422,57.609901428222656,682,0.0,0.0,0.0
2020-10-23 00:00:00-04:00,57.23939895629883,57.28879928588867,57.23939895629883,57.28879928588867,198,0.0,0.0,0.0
2020-10-26 00:00:00-04:00,57.029998779296875,57.029998779296875,55.66510009765625,55.66510009765625,5143,0.0,0.0,0.0
2020-10-27 00:00:00-04:00,56.001399993896484,56.001399993896484,56.001399993896484,56.001399993896484,7,0.0,0.0,0.0
2020-10-28 00:00:00-04:00,55.11000061035156,55.720001220703125,54.75,54.88990020751953,13358,0.0,0.0,0.0
2020-10-29 00:00:00-04:00,55.52009963989258,55.52009963989258,55.52009963989258,55.52009963989258,40,0.0,0.0,0.0
2020-10-30 00:00:00-04:00,55.060001373291016,55.06999969482422,54.997100830078125,54.997100830078125,317,0.0,0.0,0.0
2020-11-02 00:00:00-05:00,55.43000030517578,57.27629852294922,55.43000030517578,57.27629852294922,3749,0.0,0.0,0.0
2020-11-03 00:00:00-05:00,57.58000183105469,58.16999816894531,57.58000183105469,58.15449905395508,5115,0.0,0.0,0.0
2020-11-04 00:00:00-05:00,58.27000045776367,59.13890075683594,58.27000045776367,59.13890075683594,5673,0.0,0.0,0.0
2020-11-05 00:00:00-05:00,61.065799713134766,62.55759811401367,61.065799713134766,62.55759811401367,580,0.0,0.0,0.0
2020-11-06 00:00:00-05:00,63.86000061035156,65.64620208740234,63.55009841918945,65.64620208740234,1713,0.0,0.0,0.0
2020-11-09 00:00:00-05:00,67.79920196533203,67.79920196533203,65.15740203857422,65.15740203857422,1489,0.0,0.0,0.0
2020-11-10 00:00:00-05:00,63.09000015258789,63.209999084472656,61.945899963378906,61.945899963378906,813,0.0,0.0,0.0
2020-11-11 00:00:00-05:00,61.720001220703125,62.077301025390625,61.720001220703125,62.077301025390625,2179,0.0,0.0,0.0
2020-11-12 00:00:00-05:00,61.810001373291016,61.810001373291016,61.72999954223633,61.72999954223633,483,0.0,0.0,0.0
2020-11-13 00:00:00-05:00,62.220001220703125,63.10770034790039,62.220001220703125,63.10770034790039,3971,0.0,0.0,0.0
2020-11-16 00:00:00-05:00,62.5885009765625,62.5885009765625,62.5885009765625,62.5885009765625,241,0.0,0.0,0.0
2020-11-17 00:00:00-05:00,62.60639953613281,62.60639953613281,62.60639953613281,62.60639953613281,35,0.0,0.0,0.0
2020-11-18 00:00:00-05:00,62.65999984741211,62.65999984741211,61.221099853515625,61.221099853515625,1041,0.0,0.0,0.0
2020-11-19 00:00:00-05:00,61.418800354003906,61.418800354003906,61.418800354003906,61.418800354003906,87,0.0,0.0,0.0
2020-11-20 00:00:00-05:00,61.93259811401367,61.93259811401367,61.93259811401367,61.93259811401367,23,0.0,0.0,0.0
2020-11-23 00:00:00-05:00,61.93000030517578,61.93000030517578,61.484100341796875,61.484100341796875,1066,0.0,0.0,0.0
2020-11-24 00:00:00-05:00,62.86000061035156,63.16999816894531,62.810001373291016,62.9390983581543,1349,0.0,0.0,0.0
2020-11-25 00:00:00-05:00,62.7599983215332,62.7599983215332,62.345001220703125,62.55590057373047,890,0.0,0.0,0.0
2020-11-27 00:00:00-05:00,64.40699768066406,64.40699768066406,64.40699768066406,64.40699768066406,321,0.0,0.0,0.0
2020-11-30 00:00:00-05:00,65.02999877929688,65.84030151367188,64.82499694824219,65.84030151367188,627,0.0,0.0,0.0
2020-12-01 00:00:00-05:00,65.5,66.0,65.27040100097656,65.27040100097656,460,0.0,0.0,0.0
2020-12-02 00:00:00-05:00,65.26000213623047,65.50669860839844,65.26000213623047,65.50669860839844,249,0.0,0.0,0.0
2020-12-03 00:00:00-05:00,66.66000366210938,66.66000366210938,65.42449951171875,65.42449951171875,390,0.0,0.0,0.0
2020-12-04 00:00:00-05:00,67.04019927978516,67.04019927978516,66.23979949951172,66.23979949951172,403,0.0,0.0,0.0
2020-12-07 00:00:00-05:00,66.06999969482422,66.06999969482422,65.73930358886719,65.73930358886719,481,0.0,0.0,0.0
2020-12-08 00:00:00-05:00,65.98999786376953,67.41000366210938,65.97000122070312,66.69450378417969,666,0.0,0.0,0.0
2020-12-09 00:00:00-05:00,65.76589965820312,65.76589965820312,65.76589965820312,65.76589965820312,124,0.0,0.0,0.0
2020-12-10 00:00:00-05:00,66.69270324707031,66.69270324707031,66.69270324707031,66.69270324707031,194,0.0,0.0,0.0
2020-12-11 00:00:00-05:00,66.1594009399414,66.1594009399414,66.1594009399414,66.1594009399414,172,0.0,0.0,0.0
2020-12-14 00:00:00-05:00,66.63999938964844,67.43000030517578,66.22989654541016,66.22989654541016,1157,0.0,0.0,0.0
2020-12-15 00:00:00-05:00,67.10649871826172,67.10649871826172,67.10649871826172,67.10649871826172,76,0.0,0.0,0.0
2020-12-16 00:00:00-05:00,67.7750015258789,67.7750015258789,67.69879913330078,67.69879913330078,137,0.0,0.0,0.0
2020-12-17 00:00:00-05:00,68.25849914550781,68.25849914550781,68.25849914550781,68.25849914550781,252,0.0,0.0,0.0
2020-12-18 00:00:00-05:00,68.38909912109375,68.38909912109375,68.38909912109375,68.38909912109375,159,0.0,0.0,0.0
2020-12-21 00:00:00-05:00,75.36000061035156,77.4800033569336,67.46520233154297,67.46520233154297,1295,0.0,0.0,0.0
2020-12-22 00:00:00-05:00,67.68409729003906,67.68409729003906,67.68409729003906,67.68409729003906,150,0.0,0.0,0.0
2020-12-23 00:00:00-05:00,68.02439880371094,68.02439880371094,68.02439880371094,68.02439880371094,44,0.0,0.0,0.0
2020-12-24 00:00:00-05:00,67.79570007324219,67.79570007324219,67.79570007324219,67.79570007324219,14,0.0,0.0,0.0
2020-12-28 00:00:00-05:00,68.27999877929688,68.27999877929688,67.49440002441406,67.49440002441406,1722,0.0,0.0,0.0
2020-12-29 00:00:00-05:00,68.23999786376953,68.23999786376953,66.84719848632812,66.84719848632812,557,0.0,0.0,0.0
2020-12-30 00:00:00-05:00,68.35279846191406,68.35279846191406,67.47550201416016,67.47550201416016,191,0.0,0.0,0.0
2020-12-31 00:00:00-05:00,67.37999725341797,67.68250274658203,67.36000061035156,67.68250274658203,884,0.0,0.0,0.0
2021-01-04 00:00:00-05:00,68.37000274658203,68.62439727783203,68.37000274658203,68.62439727783203,207,0.0,0.0,0.0
2021-01-05 00:00:00-05:00,69.93060302734375,69.93060302734375,69.93060302734375,69.93060302734375,18,0.0,0.0,0.0
2021-01-06 00:00:00-05:00,72.09590148925781,73.81999969482422,72.09590148925781,72.77200317382812,1002,0.0,0.0,0.0
2021-01-07 00:00:00-05:00,76.37999725341797,76.37999725341797,73.80000305175781,74.21009826660156,2100,0.0,0.0,0.0
2021-01-08 00:00:00-05:00,74.4000015258789,76.16000366210938,74.4000015258789,74.85690307617188,972,0.0,0.0,0.0
2021-01-11 00:00:00-05:00,74.2300033569336,76.75900268554688,74.2300033569336,76.49150085449219,739,0.0,0.0,0.0
2021-01-12 00:00:00-05:00,76.56430053710938,76.56430053710938,76.56430053710938,76.56430053710938,141,0.0,0.0,0.0
2021-01-13 00:00:00-05:00,78.06999969482422,78.06999969482422,78.01210021972656,78.01210021972656,476,0.0,0.0,0.0
2021-01-14 00:00:00-05:00,81.11000061035156,81.11000061035156,81.11000061035156,81.11000061035156,320,0.0,0.0,0.0
2021-01-15 00:00:00-05:00,83.5199966430664,83.5199966430664,81.5792007446289,81.75420379638672,2438,0.0,0.0,0.0
2021-01-19 00:00:00-05:00,81.9000015258789,83.1852035522461,81.83999633789062,83.1852035522461,699,0.0,0.0,0.0
2021-01-20 00:00:00-05:00,83.4000015258789,83.45999908447266,82.52999877929688,83.1050033569336,2128,0.0,0.0,0.0
2021-01-21 00:00:00-05:00,82.08000183105469,82.08000183105469,80.91999816894531,81.63999938964844,538,0.0,0.0,0.0
2021-01-22 00:00:00-05:00,80.3499984741211,81.7300033569336,80.3499984741211,81.37439727783203,727,0.0,0.0,0.0
2021-01-25 00:00:00-05:00,81.12000274658203,81.12000274658203,80.14700317382812,80.14700317382812,417,0.0,0.0,0.0
2021-01-26 00:00:00-05:00,82.0,82.0,80.97000122070312,80.97000122070312,461,0.0,0.0,0.0
2021-01-27 00:00:00-05:00,80.72000122070312,80.72000122070312,78.58999633789062,78.58999633789062,401,0.0,0.0,0.0
2021-01-28 00:00:00-05:00,80.4749984741211,80.4749984741211,80.4749984741211,80.4749984741211,195,0.0,0.0,0.0
2021-01-29 00:00:00-05:00,80.44999694824219,80.44999694824219,79.69499969482422,79.69499969482422,273,0.0,0.0,0.0
2021-02-01 00:00:00-05:00,81.16500091552734,81.16500091552734,81.16500091552734,81.16500091552734,100,0.0,0.0,0.0
2021-02-02 00:00:00-05:00,85.1500015258789,85.1500015258789,85.1500015258789,85.1500015258789,143,0.0,0.0,0.0
2021-02-03 00:00:00-05:00,86.56999969482422,87.23999786376953,85.92720031738281,85.92720031738281,633,0.0,0.0,0.0
2021-02-04 00:00:00-05:00,85.44000244140625,86.18499755859375,85.44000244140625,86.18499755859375,341,0.0,0.0,0.0
2021-02-05 00:00:00-05:00,86.0,86.19999694824219,85.8550033569336,85.8550033569336,972,0.0,0.0,0.0
2021-02-08 00:00:00-05:00,86.97000122070312,88.5708999633789,86.97000122070312,88.5708999633789,830,0.0,0.0,0.0
2021-02-09 00:00:00-05:00,89.56999969482422,95.20980072021484,89.56999969482422,95.20980072021484,2530,0.0,0.0,0.0
2021-02-10 00:00:00-05:00,104.29000091552734,106.55989837646484,104.29000091552734,106.05000305175781,1485,0.0,0.0,0.0
2021-02-11 00:00:00-05:00,94.0,94.0999984741211,90.16999816894531,90.16999816894531,1849,0.0,0.0,0.0
2021-02-12 00:00:00-05:00,90.1500015258789,90.1500015258789,87.75669860839844,88.83999633789062,3406,0.0,0.0,0.0
2021-02-16 00:00:00-05:00,90.86000061035156,92.4540023803711,90.86000061035156,92.30500030517578,1026,0.0,0.0,0.0
2021-02-17 00:00:00-05:00,90.02999877929688,91.62999725341797,89.25,90.7300033569336,1912,0.0,0.0,0.0
2021-02-18 00:00:00-05:00,87.7699966430664,87.7699966430664,86.55999755859375,87.07869720458984,779,0.0,0.0,0.0
2021-02-19 00:00:00-05:00,87.6500015258789,87.66999816894531,86.20500183105469,86.20500183105469,1157,0.0,0.0,0.0
2021-02-22 00:00:00-05:00,85.2699966430664,85.2699966430664,84.10050201416016,84.10050201416016,428,0.0,0.0,0.0
2021-02-23 00:00:00-05:00,81.19999694824219,82.05000305175781,80.41690063476562,82.05000305175781,2649,0.0,0.0,0.0
2021-02-24 00:00:00-05:00,84.67880249023438,84.67880249023438,84.67880249023438,84.67880249023438,46,0.0,0.0,0.0
2021-02-25 00:00:00-05:00,80.9749984741211,80.9749984741211,80.9749984741211,80.9749984741211,153,0.0,0.0,0.0
2021-02-26 00:00:00-05:00,81.1449966430664,81.1449966430664,81.1449966430664,81.1449966430664,122,0.0,0.0,0.0
2021-03-01 00:00:00-05:00,82.08999633789062,83.28620147705078,81.76000213623047,83.081298828125,4075,0.0,0.0,0.0
2021-03-02 00:00:00-05:00,82.81999969482422,82.81999969482422,82.81999969482422,82.81999969482422,199,0.0,0.0,0.0
2021-03-03 00:00:00-05:00,79.58000183105469,80.3511962890625,79.58000183105469,80.3511962890625,548,0.0,0.0,0.0
2021-03-04 00:00:00-05:00,72.75,76.73999786376953,72.75,76.73999786376953,404,0.0,0.0,0.0
2021-03-05 00:00:00-05:00,73.39700317382812,76.9800033569336,73.39700317382812,76.9800033569336,2128,0.0,0.0,0.0
2021-03-08 00:00:00-05:00,76.26499938964844,76.26499938964844,76.26499938964844,76.26499938964844,33,0.0,0.0,0.0
2021-03-09 00:00:00-05:00,79.34100341796875,79.34100341796875,79.34100341796875,79.34100341796875,50,0.0,0.0,0.0
2021-03-10 00:00:00-05:00,78.49420166015625,78.49420166015625,78.49420166015625,78.49420166015625,104,0.0,0.0,0.0
2021-03-11 00:00:00-05:00,81.66819763183594,81.66819763183594,81.66819763183594,81.66819763183594,94,0.0,0.0,0.0
2021-03-12 00:00:00-05:00,80.77130126953125,81.3550033569336,80.77130126953125,81.3550033569336,383,0.0,0.0,0.0
2021-03-15 00:00:00-04:00,83.91819763183594,83.91819763183594,83.91819763183594,83.91819763183594,84,0.0,0.0,0.0
2021-03-16 00:00:00-04:00,81.81999969482422,81.81999969482422,81.81999969482422,81.81999969482422,57,0.0,0.0,0.0
2021-03-17 00:00:00-04:00,81.98999786376953,81.98999786376953,81.98999786376953,81.98999786376953,70,0.0,0.0,0.0
2021-03-18 00:00:00-04:00,79.91429901123047,79.91429901123047,79.91429901123047,79.91429901123047,63,0.0,0.0,0.0
2021-03-19 00:00:00-04:00,80.64720153808594,80.64720153808594,80.64720153808594,80.64720153808594,92,0.0,0.0,0.0
2021-03-22 00:00:00-04:00,80.88999938964844,80.88999938964844,80.59140014648438,80.59140014648438,712,0.0,0.0,0.0
2021-03-23 00:00:00-04:00,78.94000244140625,79.21009826660156,78.94000244140625,79.21009826660156,225,0.0,0.0,0.0
2021-03-24 00:00:00-04:00,78.75,78.79350280761719,77.76000213623047,77.76000213623047,266,0.0,0.0,0.0
2021-03-25 00:00:00-04:00,78.25,78.50499725341797,78.19999694824219,78.50499725341797,347,0.0,0.0,0.0
2021-03-26 00:00:00-04:00,79.52339935302734,79.52339935302734,79.52339935302734,79.52339935302734,274,0.0,0.0,0.0
2021-03-29 00:00:00-04:00,79.40160369873047,79.40160369873047,79.40160369873047,79.40160369873047,109,0.0,0.0,0.0
2021-03-30 00:00:00-04:00,79.318603515625,79.318603515625,79.318603515625,79.318603515625,73,0.0,0.0,0.0
2021-03-31 00:00:00-04:00,80.78479766845703,80.78479766845703,80.78479766845703,80.78479766845703,32,0.0,0.0,0.0
2021-04-01 00:00:00-04:00,80.93350219726562,80.93350219726562,80.93350219726562,80.93350219726562,42,0.0,0.0,0.0
2021-04-05 00:00:00-04:00,81.48999786376953,81.55760192871094,81.4749984741211,81.55760192871094,1063,0.0,0.0,0.0
2021-04-06 00:00:00-04:00,81.35710144042969,81.35710144042969,81.35710144042969,81.35710144042969,143,0.0,0.0,0.0
2021-04-07 00:00:00-04:00,79.67179870605469,79.67179870605469,79.67179870605469,79.67179870605469,33,0.0,0.0,0.0
2021-04-08 00:00:00-04:00,80.3395004272461,80.3395004272461,80.3395004272461,80.3395004272461,94,0.0,0.0,0.0
2021-04-09 00:00:00-04:00,80.41000366210938,81.17430114746094,80.41000366210938,81.17430114746094,274,0.0,0.0,0.0
2021-04-12 00:00:00-04:00,79.56999969482422,79.56999969482422,79.27649688720703,79.27649688720703,612,0.0,0.0,0.0
2021-04-13 00:00:00-04:00,78.68000030517578,80.26399993896484,78.68000030517578,80.26399993896484,420,0.0,0.0,0.0
2021-04-14 00:00:00-04:00,79.02439880371094,79.02439880371094,79.02439880371094,79.02439880371094,86,0.0,0.0,0.0
2021-04-15 00:00:00-04:00,79.47730255126953,79.47730255126953,79.47730255126953,79.47730255126953,141,0.0,0.0,0.0
2021-04-16 00:00:00-04:00,79.7571029663086,79.7571029663086,79.7571029663086,79.7571029663086,312,0.0,0.0,0.0
2021-04-19 00:00:00-04:00,79.66680145263672,79.66680145263672,79.66680145263672,79.66680145263672,76,0.0,0.0,0.0
2021-04-20 00:00:00-04:00,78.27050018310547,78.27050018310547,78.27050018310547,78.27050018310547,121,0.0,0.0,0.0
2021-04-21 00:00:00-04:00,79.74749755859375,79.74749755859375,79.74749755859375,79.74749755859375,34,0.0,0.0,0.0
2021-04-22 00:00:00-04:00,80.19000244140625,80.19000244140625,79.61640167236328,79.61640167236328,291,0.0,0.0,0.0
2021-04-23 00:00:00-04:00,81.04209899902344,81.04209899902344,81.04209899902344,81.04209899902344,95,0.0,0.0,0.0
2021-04-26 00:00:00-04:00,81.37000274658203,81.64230346679688,81.37000274658203,81.64230346679688,241,0.0,0.0,0.0
2021-04-27 00:00:00-04:00,81.31719970703125,81.31719970703125,81.31719970703125,81.31719970703125,90,0.0,0.0,0.0
2021-04-28 00:00:00-04:00,82.26409912109375,82.26409912109375,82.26409912109375,82.26409912109375,80,0.0,0.0,0.0
2021-04-29 00:00:00-04:00,81.72000122070312,81.72000122070312,80.87670135498047,80.87670135498047,431,0.0,0.0,0.0
2021-04-30 00:00:00-04:00,80.41000366210938,80.43900299072266,80.41000366210938,80.43900299072266,207,0.0,0.0,0.0
2021-05-03 00:00:00-04:00,79.3740005493164,79.3740005493164,79.3740005493164,79.3740005493164,142,0.0,0.0,0.0
2021-05-04 00:00:00-04:00,77.33999633789062,77.33999633789062,77.33999633789062,77.33999633789062,391,0.0,0.0,0.0
2021-05-05 00:00:00-04:00,78.84140014648438,78.84140014648438,78.84140014648438,78.84140014648438,74,0.0,0.0,0.0
2021-05-06 00:00:00-04:00,77.79969787597656,77.79969787597656,77.79969787597656,77.79969787597656,34,0.0,0.0,0.0
2021-05-07 00:00:00-04:00,80.2699966430664,80.2699966430664,79.6636962890625,79.6636962890625,337,0.0,0.0,0.0
2021-05-10 00:00:00-04:00,77.90879821777344,77.90879821777344,77.90879821777344,77.90879821777344,145,0.0,0.0,0.0
2021-05-11 00:00:00-04:00,77.56559753417969,77.56559753417969,77.56559753417969,77.56559753417969,100,0.0,0.0,0.0
2021-05-12 00:00:00-04:00,75.55999755859375,75.55999755859375,75.53700256347656,75.53700256347656,382,0.0,0.0,0.0
2021-05-13 00:00:00-04:00,75.56320190429688,75.56320190429688,75.56320190429688,75.56320190429688,183,0.0,0.0,0.0
2021-05-14 00:00:00-04:00,76.2229995727539,76.2229995727539,76.2229995727539,76.2229995727539,112,0.0,0.0,0.0
2021-05-17 00:00:00-04:00,76.05000305175781,76.40709686279297,76.05000305175781,76.40709686279297,214,0.0,0.0,0.0
2021-05-18 00:00:00-04:00,76.50689697265625,76.50689697265625,76.50689697265625,76.50689697265625,90,0.0,0.0,0.0
2021-05-19 00:00:00-04:00,75.87960052490234,75.87960052490234,75.87960052490234,75.87960052490234,41,0.0,0.0,0.0
2021-05-20 00:00:00-04:00,77.22480010986328,77.22480010986328,77.22480010986328,77.22480010986328,18,0.0,0.0,0.0
2021-05-21 00:00:00-04:00,77.53990173339844,77.53990173339844,77.11519622802734,77.11519622802734,211,0.0,0.0,0.0
2021-05-24 00:00:00-04:00,77.16000366210938,77.41439819335938,77.16000366210938,77.41439819335938,1240,0.0,0.0,0.0
2021-05-25 00:00:00-04:00,77.93810272216797,77.93810272216797,77.93810272216797,77.93810272216797,25,0.0,0.0,0.0
2021-05-26 00:00:00-04:00,78.80789947509766,78.80789947509766,78.80789947509766,78.80789947509766,11,0.0,0.0,0.0
2021-05-27 00:00:00-04:00,79.74700164794922,79.74700164794922,79.74700164794922,79.74700164794922,228,0.0,0.0,0.0
2021-05-28 00:00:00-04:00,80.25,80.25,80.25,80.25,353,0.0,0.0,0.0
2021-06-01 00:00:00-04:00,80.98999786376953,81.11000061035156,78.53209686279297,78.53209686279297,1784,0.0,0.0,0.0
2021-06-02 00:00:00-04:00,81.43119812011719,81.43119812011719,81.43119812011719,81.43119812011719,48,0.0,0.0,0.0
2021-06-03 00:00:00-04:00,83.01000213623047,83.01000213623047,82.6500015258789,82.6500015258789,2548,0.0,0.0,0.0
2021-06-04 00:00:00-04:00,83.37999725341797,83.37999725341797,80.1613998413086,80.1613998413086,461,0.0,0.0,0.0
2021-06-07 00:00:00-04:00,82.01219940185547,82.01219940185547,82.01219940185547,82.01219940185547,233,0.0,0.0,0.0
2021-06-08 00:00:00-04:00,83.36000061035156,83.36000061035156,82.62090301513672,82.62090301513672,379,0.0,0.0,0.0
2021-06-09 00:00:00-04:00,84.94000244140625,85.1521987915039,83.80010223388672,83.80010223388672,692,0.0,0.0,0.0
2021-06-10 00:00:00-04:00,83.12000274658203,83.12000274658203,82.84719848632812,82.84719848632812,211,0.0,0.0,0.0
2021-06-11 00:00:00-04:00,82.99720001220703,82.99720001220703,82.99720001220703,82.99720001220703,100,0.0,0.0,0.0
2021-06-14 00:00:00-04:00,82.5999984741211,82.63939666748047,82.5999984741211,82.63939666748047,416,0.0,0.0,0.0
2021-06-15 00:00:00-04:00,81.26599884033203,81.26599884033203,81.26599884033203,81.26599884033203,22,0.0,0.0,0.0
2021-06-16 00:00:00-04:00,80.91999816894531,80.91999816894531,80.91999816894531,80.91999816894531,338,0.0,0.0,0.0
2021-06-17 00:00:00-04:00,80.90350341796875,80.90350341796875,80.90350341796875,80.90350341796875,8,0.0,0.0,0.0
2021-06-18 00:00:00-04:00,79.45059967041016,79.45059967041016,79.45059967041016,79.45059967041016,45,0.0,0.0,0.0
2021-06-21 00:00:00-04:00,80.13150024414062,80.13150024414062,80.13150024414062,80.13150024414062,39,0.0,0.0,0.0
2021-06-22 00:00:00-04:00,80.11409759521484,80.11409759521484,80.11409759521484,80.11409759521484,40,0.0,0.0,0.0
2021-06-23 00:00:00-04:00,81.28630065917969,81.28630065917969,81.28630065917969,81.28630065917969,34,0.0,0.0,0.0
2021-06-24 00:00:00-04:00,82.15740203857422,82.15740203857422,82.15740203857422,82.15740203857422,31,0.0,0.0,0.0
2021-06-25 00:00:00-04:00,81.58219909667969,81.58219909667969,81.58219909667969,81.58219909667969,83,0.0,0.0,0.0
2021-06-28 00:00:00-04:00,82.50499725341797,82.50499725341797,82.43270111083984,82.43270111083984,736,0.0,0.0,0.0
2021-06-29 00:00:00-04:00,82.72000122070312,82.73989868164062,81.7136001586914,81.7136001586914,1233,0.0,0.0,0.0
2021-06-30 00:00:00-04:00,81.28060150146484,81.28060150146484,81.28060150146484,81.28060150146484,29,0.0,0.0,0.0
2021-07-01 00:00:00-04:00,81.18329620361328,81.18329620361328,81.18329620361328,81.18329620361328,64,0.0,0.0,0.0
2021-07-02 00:00:00-04:00,80.71759796142578,80.71759796142578,80.71759796142578,80.71759796142578,32,0.0,0.0,0.0
2021-07-06 00:00:00-04:00,80.66000366210938,80.66000366210938,80.26470184326172,80.26470184326172,206,0.0,0.0,0.0
2021-07-07 00:00:00-04:00,80.40489959716797,80.40489959716797,80.40489959716797,80.40489959716797,35,0.0,0.0,0.0
2021-07-08 00:00:00-04:00,79.40470123291016,79.40470123291016,79.40470123291016,79.40470123291016,57,0.0,0.0,0.0
2021-07-09 00:00:00-04:00,79.92279815673828,79.92279815673828,79.92279815673828,79.92279815673828,33,0.0,0.0,0.0
2021-07-12 00:00:00-04:00,80.033203125,80.033203125,80.033203125,80.033203125,22,0.0,0.0,0.0
2021-07-13 00:00:00-04:00,80.43000030517578,80.43000030517578,80.16580200195312,80.16580200195312,529,0.0,0.0,0.0
2021-07-14 00:00:00-04:00,77.90070343017578,77.90070343017578,77.90070343017578,77.90070343017578,109,0.0,0.0,0.0
2021-07-15 00:00:00-04:00,77.08200073242188,77.08200073242188,77.08200073242188,77.08200073242188,106,0.0,0.0,0.0
2021-07-16 00:00:00-04:00,76.47689819335938,76.47689819335938,76.47689819335938,76.47689819335938,109,0.0,0.0,0.0
2021-07-19 00:00:00-04:00,75.82980346679688,75.82980346679688,75.82980346679688,75.82980346679688,86,0.0,0.0,0.0
2021-07-20 00:00:00-04:00,77.33709716796875,77.33709716796875,77.33709716796875,77.33709716796875,14,0.0,0.0,0.0
2021-07-21 00:00:00-04:00,77.95349884033203,77.95349884033203,77.95349884033203,77.95349884033203,59,0.0,0.0,0.0
2021-07-22 00:00:00-04:00,77.46420288085938,77.46420288085938,77.46420288085938,77.46420288085938,68,0.0,0.0,0.0
2021-07-23 00:00:00-04:00,77.54319763183594,77.54319763183594,77.54319763183594,77.54319763183594,19,0.0,0.0,0.0
2021-07-26 00:00:00-04:00,77.79170227050781,77.79170227050781,77.79170227050781,77.79170227050781,58,0.0,0.0,0.0
2021-07-27 00:00:00-04:00,76.23069763183594,76.23069763183594,76.23069763183594,76.23069763183594,352,0.0,0.0,0.0
2021-07-28 00:00:00-04:00,79.7522964477539,79.7522964477539,79.7522964477539,79.7522964477539,252,0.0,0.0,0.0
2021-07-29 00:00:00-04:00,79.48560333251953,79.48560333251953,79.48560333251953,79.48560333251953,142,0.0,0.0,0.0
2021-07-30 00:00:00-04:00,78.66580200195312,78.66580200195312,78.66580200195312,78.66580200195312,50,0.0,0.0,0.0
2021-08-02 00:00:00-04:00,78.46949768066406,78.46949768066406,78.46949768066406,78.46949768066406,27,0.0,0.0,0.0
2021-08-03 00:00:00-04:00,78.57990264892578,78.57990264892578,78.57990264892578,78.57990264892578,15,0.0,0.0,0.0
2021-08-04 00:00:00-04:00,77.62889862060547,77.62889862060547,77.62889862060547,77.62889862060547,124,0.0,0.0,0.0
2021-08-05 00:00:00-04:00,79.21119689941406,79.21119689941406,79.17440032958984,79.17440032958984,158,0.0,0.0,0.0
2021-08-06 00:00:00-04:00,78.6500015258789,78.91899871826172,78.6500015258789,78.91899871826172,272,0.0,0.0,0.0
2021-08-09 00:00:00-04:00,79.28500366210938,79.28500366210938,79.28500366210938,79.28500366210938,68,0.0,0.0,0.0
2021-08-10 00:00:00-04:00,79.04609680175781,79.04609680175781,79.04609680175781,79.04609680175781,14,0.0,0.0,0.0
2021-08-11 00:00:00-04:00,79.47000122070312,79.47000122070312,78.15799713134766,78.15799713134766,314,0.0,0.0,0.0
2021-08-12 00:00:00-04:00,78.5999984741211,78.5999984741211,78.5999984741211,78.5999984741211,1704,0.0,0.0,0.0
2021-08-13 00:00:00-04:00,77.11170196533203,77.11170196533203,77.11170196533203,77.11170196533203,19,0.0,0.0,0.0
2021-08-16 00:00:00-04:00,78.08000183105469,78.26000213623047,77.48500061035156,77.48500061035156,2458,0.0,0.0,0.0
2021-08-17 00:00:00-04:00,75.9729995727539,75.9729995727539,75.9729995727539,75.9729995727539,17,0.0,0.0,0.0
2021-08-18 00:00:00-04:00,75.75900268554688,75.75900268554688,75.75900268554688,75.75900268554688,32,0.0,0.0,0.0
2021-08-19 00:00:00-04:00,76.45999908447266,76.45999908447266,76.22000122070312,76.22000122070312,267,0.0,0.0,0.0
2021-08-20 00:00:00-04:00,75.50689697265625,75.50689697265625,75.50689697265625,75.50689697265625,14,0.0,0.0,0.0
2021-08-23 00:00:00-04:00,77.67109680175781,77.67109680175781,77.67109680175781,77.67109680175781,27,0.0,0.0,0.0
2021-08-24 00:00:00-04:00,79.0,79.0,78.1980972290039,78.1980972290039,116,0.0,0.0,0.0
2021-08-25 00:00:00-04:00,78.41670227050781,78.41670227050781,78.41670227050781,78.41670227050781,36,0.0,0.0,0.0
2021-08-26 00:00:00-04:00,77.68910217285156,77.68910217285156,77.68910217285156,77.68910217285156,44,0.0,0.0,0.0
2021-08-27 00:00:00-04:00,78.16639709472656,78.16639709472656,78.16639709472656,78.16639709472656,7,0.0,0.0,0.0
2021-08-30 00:00:00-04:00,78.72899627685547,78.72899627685547,78.72899627685547,78.72899627685547,18,0.0,0.0,0.0
2021-08-31 00:00:00-04:00,79.75779724121094,79.75779724121094,79.75779724121094,79.75779724121094,880,0.0,0.0,0.0
2021-09-01 00:00:00-04:00,79.30889892578125,79.30889892578125,79.30889892578125,79.30889892578125,298,0.0,0.0,0.0
2021-09-02 00:00:00-04:00,80.6791000366211,80.6791000366211,80.6791000366211,80.6791000366211,46,0.0,0.0,0.0
2021-09-03 00:00:00-04:00,80.36920166015625,80.36920166015625,80.36920166015625,80.36920166015625,79,0.0,0.0,0.0
2021-09-07 00:00:00-04:00,79.58380126953125,79.58380126953125,79.58380126953125,79.58380126953125,62,0.0,0.0,0.0
2021-09-08 00:00:00-04:00,78.94080352783203,78.94080352783203,78.94080352783203,78.94080352783203,134,0.0,0.0,0.0
2021-09-09 00:00:00-04:00,78.39620208740234,78.39620208740234,78.39620208740234,78.39620208740234,37,0.0,0.0,0.0
2021-09-10 00:00:00-04:00,77.40840148925781,77.40840148925781,77.40840148925781,77.40840148925781,33,0.0,0.0,0.0
2021-09-13 00:00:00-04:00,76.4708023071289,76.4708023071289,76.4708023071289,76.4708023071289,48,0.0,0.0,0.0
2021-09-14 00:00:00-04:00,75.52999877929688,75.56169891357422,75.52999877929688,75.56169891357422,422,0.0,0.0,0.0
2021-09-15 00:00:00-04:00,75.76000213623047,76.25920104980469,75.75,76.25920104980469,1901,0.0,0.0,0.0
2021-09-16 00:00:00-04:00,75.95590209960938,75.95590209960938,75.95590209960938,75.95590209960938,78,0.0,0.0,0.0
2021-09-17 00:00:00-04:00,76.5154037475586,76.5154037475586,76.5154037475586,76.5154037475586,12,0.0,0.0,0.0
2021-09-20 00:00:00-04:00,74.11000061035156,74.57260131835938,74.11000061035156,74.57260131835938,444,0.0,0.0,0.0
2021-09-21 00:00:00-04:00,74.9113998413086,74.9113998413086,74.9113998413086,74.9113998413086,38,0.0,0.0,0.0
2021-09-22 00:00:00-04:00,75.64089965820312,75.64089965820312,75.64089965820312,75.64089965820312,14,0.0,0.0,0.0
2021-09-23 00:00:00-04:00,76.2300033569336,76.61810302734375,76.08999633789062,76.61810302734375,1725,0.0,0.0,0.0
2021-09-24 00:00:00-04:00,75.6250991821289,75.6250991821289,75.6250991821289,75.6250991821289,93,0.0,0.0,0.0
2021-09-27 00:00:00-04:00,74.7300033569336,75.73500061035156,74.7300033569336,75.73500061035156,1074,0.0,0.0,0.0
2021-09-28 00:00:00-04:00,73.47209930419922,73.47209930419922,73.47209930419922,73.47209930419922,1383,0.0,0.0,0.0
2021-09-29 00:00:00-04:00,72.9374008178711,72.9374008178711,72.9374008178711,72.9374008178711,41,0.0,0.0,0.0
2021-09-30 00:00:00-04:00,72.47350311279297,72.47350311279297,72.47350311279297,72.47350311279297,26,0.0,0.0,0.0
2021-10-01 00:00:00-04:00,71.02999877929688,72.32460021972656,70.88999938964844,72.32460021972656,1231,0.0,0.0,0.0
2021-10-04 00:00:00-04:00,70.3644027709961,70.7260971069336,70.3644027709961,70.7260971069336,550,0.0,0.0,0.0
2021-10-05 00:00:00-04:00,71.5280990600586,71.5280990600586,71.5280990600586,71.5280990600586,242,0.0,0.0,0.0
2021-10-06 00:00:00-04:00,71.04080200195312,71.04080200195312,71.04080200195312,71.04080200195312,101,0.0,0.0,0.0
2021-10-07 00:00:00-04:00,71.93890380859375,71.93890380859375,71.93890380859375,71.93890380859375,33,0.0,0.0,0.0
2021-10-08 00:00:00-04:00,71.49040222167969,71.49040222167969,71.49040222167969,71.49040222167969,44,0.0,0.0,0.0
2021-10-11 00:00:00-04:00,70.58609771728516,70.58609771728516,70.58609771728516,70.58609771728516,56,0.0,0.0,0.0
2021-10-12 00:00:00-04:00,70.24169921875,70.24169921875,70.24169921875,70.24169921875,31,0.0,0.0,0.0
2021-10-13 00:00:00-04:00,70.42269897460938,70.42269897460938,70.42269897460938,70.42269897460938,31,0.0,0.0,0.0
2021-10-14 00:00:00-04:00,71.32440185546875,71.32440185546875,71.32440185546875,71.32440185546875,21,0.0,0.0,0.0
2021-10-15 00:00:00-04:00,71.66999816894531,71.66999816894531,71.2614974975586,71.2614974975586,363,0.0,0.0,0.0
2021-10-18 00:00:00-04:00,71.09149932861328,71.09149932861328,71.09149932861328,71.09149932861328,17,0.0,0.0,0.0
2021-10-19 00:00:00-04:00,73.33519744873047,73.33519744873047,73.33519744873047,73.33519744873047,45,0.0,0.0,0.0
2021-10-20 00:00:00-04:00,73.78630065917969,73.78630065917969,73.78630065917969,73.78630065917969,28,0.0,0.0,0.0
2021-10-21 00:00:00-04:00,74.03690338134766,74.03690338134766,74.03690338134766,74.03690338134766,21,0.0,0.0,0.0
2021-10-22 00:00:00-04:00,73.51090240478516,73.51090240478516,73.51090240478516,73.51090240478516,35,0.0,0.0,0.0
2021-10-25 00:00:00-04:00,73.55650329589844,73.55650329589844,73.55650329589844,73.55650329589844,561,0.0,0.0,0.0
2021-10-26 00:00:00-04:00,73.36280059814453,73.36280059814453,73.36280059814453,73.36280059814453,12,0.0,0.0,0.0
2021-10-27 00:00:00-04:00,72.41549682617188,72.41549682617188,72.41549682617188,72.41549682617188,19,0.0,0.0,0.0
2021-10-28 00:00:00-04:00,73.28700256347656,73.28700256347656,73.28700256347656,73.28700256347656,18,0.0,0.0,0.0
2021-10-29 00:00:00-04:00,73.4000015258789,73.668701171875,73.4000015258789,73.668701171875,159,0.0,0.0,0.0
2021-11-01 00:00:00-04:00,74.2802963256836,74.2802963256836,74.2802963256836,74.2802963256836,24,0.0,0.0,0.0
2021-11-02 00:00:00-04:00,73.6947021484375,73.6947021484375,73.6947021484375,73.6947021484375,28,0.0,0.0,0.0
2021-11-03 00:00:00-04:00,74.61289978027344,74.61289978027344,74.61289978027344,74.61289978027344,1004,0.0,0.0,0.0
2021-11-04 00:00:00-04:00,74.17040252685547,74.17040252685547,74.17040252685547,74.17040252685547,8,0.0,0.0,0.0
2021-11-05 00:00:00-04:00,73.02459716796875,73.02459716796875,73.02459716796875,73.02459716796875,142,0.0,0.0,0.0
2021-11-08 00:00:00-05:00,76.20780181884766,76.20780181884766,76.20780181884766,76.20780181884766,2914,0.0,0.0,0.0
2021-11-09 00:00:00-05:00,76.62349700927734,76.62349700927734,76.62349700927734,76.62349700927734,37,0.0,0.0,0.0
2021-11-10 00:00:00-05:00,75.1958999633789,75.1958999633789,75.1958999633789,75.1958999633789,131,0.0,0.0,0.0
2021-11-11 00:00:00-05:00,76.31929779052734,76.31929779052734,76.31929779052734,76.31929779052734,221,0.0,0.0,0.0
2021-11-12 00:00:00-05:00,77.08000183105469,77.08000183105469,77.08000183105469,77.08000183105469,230,0.0,0.0,0.0
2021-11-15 00:00:00-05:00,79.77110290527344,79.77110290527344,78.48999786376953,78.48999786376953,316,0.0,0.0,0.0
2021-11-16 00:00:00-05:00,79.06999969482422,79.13999938964844,79.06999969482422,79.11720275878906,521,0.0,0.0,0.0
2021-11-17 00:00:00-05:00,79.05000305175781,79.05000305175781,77.77580261230469,77.77580261230469,931,0.0,0.0,0.0
2021-11-18 00:00:00-05:00,75.62039947509766,75.62039947509766,75.44999694824219,75.44999694824219,1026,0.0,0.0,0.0
2021-11-19 00:00:00-05:00,75.33940124511719,75.33940124511719,75.33940124511719,75.33940124511719,78,0.0,0.0,0.0
2021-11-22 00:00:00-05:00,73.94000244140625,73.94000244140625,73.87000274658203,73.87000274658203,889,0.0,0.0,0.0
2021-11-23 00:00:00-05:00,73.10759735107422,73.10759735107422,73.10759735107422,73.10759735107422,32,0.0,0.0,0.0
2021-11-24 00:00:00-05:00,73.30000305175781,73.50430297851562,73.30000305175781,73.50430297851562,155,0.0,0.0,0.0
2021-11-26 00:00:00-05:00,73.12920379638672,73.12920379638672,73.12920379638672,73.12920379638672,35,0.0,0.0,0.0
2021-11-29 00:00:00-05:00,72.8749008178711,72.8749008178711,72.8749008178711,72.8749008178711,33,0.0,0.0,0.0
2021-11-30 00:00:00-05:00,71.12159729003906,71.12159729003906,71.12159729003906,71.12159729003906,651,0.0,0.0,0.0
2021-12-01 00:00:00-05:00,69.33940124511719,69.33940124511719,69.33940124511719,69.33940124511719,152,0.0,0.0,0.0
2021-12-02 00:00:00-05:00,69.80999755859375,70.16729736328125,69.80999755859375,70.16729736328125,230,0.0,0.0,0.0
2021-12-03 00:00:00-05:00,68.8635025024414,68.8635025024414,68.8635025024414,68.8635025024414,932,0.0,0.0,0.0
2021-12-06 00:00:00-05:00,68.37000274658203,69.5,68.31999969482422,69.5,1276,0.0,0.0,0.0
2021-12-07 00:00:00-05:00,72.12999725341797,72.12999725341797,71.31210327148438,71.31210327148438,344,0.0,0.0,0.0
2021-12-08 00:00:00-05:00,72.6780014038086,72.6780014038086,72.6780014038086,72.6780014038086,38,0.0,0.0,0.0
2021-12-09 00:00:00-05:00,71.23149871826172,71.23149871826172,71.23149871826172,71.23149871826172,10,0.0,0.0,0.0
2021-12-10 00:00:00-05:00,70.18009948730469,70.80999755859375,70.18009948730469,70.80999755859375,568,0.0,0.0,0.0
2021-12-13 00:00:00-05:00,71.35250091552734,71.35250091552734,71.35250091552734,71.35250091552734,14,0.0,0.0,0.0
2021-12-14 00:00:00-05:00,69.88839721679688,69.88839721679688,69.88839721679688,69.88839721679688,22,0.0,0.0,0.0
2021-12-15 00:00:00-05:00,69.94999694824219,71.46849822998047,69.94999694824219,71.46849822998047,270,0.0,0.0,0.0
2021-12-16 00:00:00-05:00,71.15779876708984,71.15779876708984,71.15779876708984,71.15779876708984,27,0.0,0.0,0.0
2021-12-17 00:00:00-05:00,71.5,71.5,71.14830017089844,71.14830017089844,453,0.0,0.0,0.0
2021-12-20 00:00:00-05:00,70.14839935302734,70.14839935302734,70.14839935302734,70.14839935302734,81,0.0,0.0,0.0
2021-12-21 00:00:00-05:00,71.45130157470703,71.45130157470703,71.45130157470703,71.45130157470703,59,0.0,0.0,0.0
2021-12-22 00:00:00-05:00,72.38929748535156,72.43099975585938,72.38929748535156,72.43099975585938,244,0.0,0.0,0.0
2021-12-23 00:00:00-05:00,72.87000274658203,73.2052993774414,72.73999786376953,73.2052993774414,1089,0.0,0.0,0.0
2021-12-27 00:00:00-05:00,73.2052993774414,73.2052993774414,73.2052993774414,73.2052993774414,0,0.0,0.0,0.0
2021-12-28 00:00:00-05:00,73.2052993774414,73.2052993774414,73.2052993774414,73.2052993774414,0,0.0,0.0,0.0
2021-12-29 00:00:00-05:00,73.2052993774414,73.2052993774414,73.2052993774414,73.2052993774414,0,0.0,0.0,0.0
2021-12-30 00:00:00-05:00,73.2052993774414,73.2052993774414,73.2052993774414,73.2052993774414,0,0.0,0.0,0.0
2021-12-31 00:00:00-05:00,73.2052993774414,73.2052993774414,73.2052993774414,73.2052993774414,0,0.0,0.0,0.0
2022-01-03 00:00:00-05:00,73.2052993774414,73.2052993774414,73.2052993774414,73.2052993774414,0,0.0,0.0,0.0
